code,expected_branch
HDFC0001755,100 FEET ROAD-INDIRA NAGAR
SBIN0040014,BASAVANAGUDI
ICIC0000002,BANGALORE - M G ROAD
HDFC0001755,100 FEET ROAD-INDIRA NAGAR
SBIN0040014,BASAVANAGUDI
ICIC0000002,BANGALORE - M G ROAD
HDFC0001755,100 FEET ROAD-INDIRA NAGAR
SBIN0040014,BASAVANAGUDI
ICIC0000002,BANGALORE - M G ROAD
HDFC0001755,100 FEET ROAD-INDIRA NAGAR
SBIN0040014,BASAVANAGUDI
ICIC0000002,BANGALORE - M G ROAD
HDFC0001755,100 FEET ROAD-INDIRA NAGAR
SBIN0040014,BASAVANAGUDI
ICIC0000002,BANGALORE - M G ROAD
HDFC0001755,100 FEET ROAD-INDIRA NAGAR
SBIN0040014,BASAVANAGUDI
ICIC0000002,BANGALORE - M G ROAD
HDFC0001755,100 FEET ROAD-INDIRA NAGAR
SBIN0040014,BASAVANAGUDI
ICIC0000002,BANGALORE - M G ROAD
HDFC0001755,100 FEET ROAD-INDIRA NAGAR
SBIN0040014,BASAVANAGUDI
ICIC0000002,BANGALORE - M G ROAD
HDFC0001755,100 FEET ROAD-INDIRA NAGAR
SBIN0040014,BASAVANAGUDI
ICIC0000002,BANGALORE - M G ROAD
HDFC0001755,100 FEET ROAD-INDIRA NAGAR
SBIN0040014,BASAVANAGUDI
ICIC0000002,BANGALORE - M G ROAD
HDFC0001755,100 FEET ROAD-INDIRA NAGAR
SBIN0040014,BASAVANAGUDI
ICIC0000002,BANGALORE - M G ROAD
HDFC0001755,100 FEET ROAD-INDIRA NAGAR
SBIN0040014,BASAVANAGUDI
ICIC0000002,BANGALORE - M G ROAD
HDFC0001755,100 FEET ROAD-INDIRA NAGAR
SBIN0040014,BASAVANAGUDI
ICIC0000002,BANGALORE - M G ROAD
